n,divAndConTime,bruteForceTime
3,3.609999839682132e-05,2.2099997295299545e-05
4,5.7699999160831794e-05,3.2500000088475645e-05
5,4.5500000851461664e-05,8.789999992586672e-05
6,0.00012029999925289303,0.00011549999908311293
7,0.00013299999773153104,0.00017100000331993215
8,7.18000010238029e-05,0.0001384999995934777
9,9.369999679620378e-05,0.00016289999985019676
10,0.00023709999732091092,0.00021560000095632859
11,0.00012140000035287812,0.0002533000006224029
12,0.00012339999739197083,0.0002955999989353586
13,0.00012730000162264332,0.00035059999936493114
14,0.000247500000114087,0.00041200000123353675
15,0.00020079999740119092,0.0004721000004792586
16,0.00018679999993764795,0.0005370999970182311
17,0.00023320000036619604,0.0006057999999029562
18,0.00018869999985327013,0.0006778999995731283
19,0.0002657000004546717,0.0007689999983995222
20,0.00029100000028847717,0.0008438999975624029
21,0.0004350000017439015,0.0009331000001111533
22,0.0004459999981918372,0.0010741000005509704
23,0.00023689999943599105,0.0011739999972633086
24,0.00034299999970244244,0.0017815999999584164
25,0.00042690000191214494,0.0013355999981286004
26,0.000603899999987334,0.0014617000015277881
27,0.00044319999869912863,0.00207589999990887
28,0.0004966999986208975,0.0017565999987709802
29,0.0006574000035470817,0.001799500001652632
30,0.0007000999976298772,0.0017853999997896608
31,0.00065579999863985,0.0018682000008993782
32,0.0004899999985354953,0.0021955000011075754
33,0.0008175000002665911,0.0027468999978736974
34,0.0006253999999898952,0.0025076999991142657
35,0.0006281000023591332,0.002462799999193521
36,0.0010102000014740042,0.0025267999990319367
37,0.0008021000030566938,0.00279210000007879
38,0.000957899999775691,0.0029334999999264255
39,0.0009755999999470077,0.0032162000024982262
40,0.0006230999970284756,0.005102200000692392
41,0.0013034000003244728,0.006490600000688573
42,0.0017026999994413927,0.006072100000892533
43,0.0008545000018784776,0.0036467999998421874
44,0.0009014999995997641,0.0038504999974975362
45,0.0007889999978942797,0.0039986999981920235
46,0.0007933999986562412,0.004348900001787115
47,0.0008368999988306314,0.004520899998169625
48,0.0010475999988557305,0.004953600000590086
49,0.0008458999982394744,0.005140200002642814
50,0.001189800001156982,0.005447999999887543
51,0.0009534000018902589,0.005767599999671802
52,0.0012505999984568916,0.005977999997412553
53,0.001208100002259016,0.00621329999921727
54,0.001532099999167258,0.006530700000439538
55,0.001679699998931028,0.0067372999983490445
56,0.0014364999988174532,0.006985800002439646
57,0.0014236999995773658,0.0072172000000136904
58,0.0015363999991677701,0.00745670000105747
59,0.001843999998527579,0.00782450000042445
60,0.0017554000005475245,0.007913000001281034
61,0.0014848000027996022,0.00898360000064713
62,0.0016345000003639143,0.008576200001698453
63,0.0013896999989810865,0.00890580000123009
64,0.0015763000010338146,0.009257900001102826
65,0.001811699999962002,0.009543899999698624
66,0.001966399999218993,0.01043289999870467
67,0.0016442999985883944,0.010597800002869917
68,0.0023569000004499685,0.011332499998388812
69,0.002437400002236245,0.010085600002639694
70,0.0017836999977589585,0.01011099999959697
71,0.001965100000234088,0.010891700003412552
72,0.0018215999989479315,0.012438999998266809
73,0.0017702000004646834,0.012328500000876375
74,0.0014722000014444347,0.01618620000226656
75,0.002765100001852261,0.021764000000985106
76,0.0017112999994424172,0.01220850000026985
77,0.0023538000023108907,0.012759600002027582
78,0.002400500001385808,0.01558899999872665
79,0.002689299999474315,0.015146699999604607
80,0.0028831999989051837,0.015113600002223393
81,0.002842499998223502,0.015547999999398598
82,0.002253200000268407,0.01613519999955315
83,0.003042000000277767,0.0164695000021311
84,0.0027164999992237426,0.015480300000490388
85,0.002788899997540284,0.015979899999365443
86,0.0018252999980177265,0.017869300001621014
87,0.0022640999995928723,0.015977899998688372
88,0.0024591999972471967,0.01659060000019963
89,0.002885700003389502,0.017846599999757018
90,0.0025341000000480562,0.01861550000103307
91,0.002755299999989802,0.01880410000012489
92,0.003004400001373142,0.01929770000060671
93,0.0028004999985569157,0.020325099998444784
94,0.00321770000300603,0.020232200000464218
95,0.003344900000229245,0.020900600000459235
96,0.0028032999980496243,0.021145200000319164
97,0.0027730999972845893,0.022018800002115313
98,0.0032709999977669213,0.02227839999977732
99,0.003138200001558289,0.02281109999967157
100,0.002871099997719284,0.023034500001813285
101,0.0028824000000895467,0.023671499999181833
102,0.003631300001870841,0.023603600002388703
103,0.0036856000006082468,0.02225429999816697
104,0.0034778000008373056,0.024118600002111634
105,0.0041898000017681625,0.023987499997019768
106,0.003185100002156105,0.025969099999201717
107,0.0032667999985278584,0.02640090000204509
108,0.004734500002086861,0.02700600000025588
109,0.003408699998544762,0.027040500001021428
110,0.003390899997611996,0.02789399999892339
111,0.004186199999821838,0.028536500001791865
112,0.004085300002770964,0.029005299998971168
113,0.004223399999318644,0.029419200000120327
114,0.004255200001352932,0.029826899997715373
115,0.00454389999867999,0.03170809999937774
116,0.003010000000358559,0.029350099997827783
117,0.0034940000005008187,0.02837780000118073
118,0.004201499999908265,0.030101399999693967
119,0.0039049000006343704,0.03013209999699029
120,0.004198200000246288,0.03188379999846802
121,0.004210799997963477,0.03149480000138283
122,0.004401100002723979,0.03263479999804986
123,0.005465800000820309,0.03333569999813335
124,0.005072100000688806,0.03319809999811696
125,0.004238400000758702,0.03608009999879869
126,0.004468099999940023,0.03761609999855864
127,0.0048260000003210735,0.03342970000085188
128,0.0066789999982574955,0.07250039999780711
129,0.012391500000376254,0.05021469999701367
130,0.004435000002558809,0.04350130000239005
131,0.005563300001085736,0.045799300001817755
132,0.004807499997696141,0.04072760000053677
133,0.005425999999715714,0.04025330000149552
134,0.005660300001181895,0.04047500000160653
135,0.005101400001876755,0.03934499999741092
136,0.007097199999407167,0.04926310000155354
137,0.004791700001078425,0.04761239999788813
138,0.00994410000203061,0.04895029999897815
139,0.005059700000856537,0.04356520000146702
140,0.006352300002617994,0.04268279999814695
141,0.005270000001473818,0.04287379999732366
142,0.007894300000771182,0.04619699999966542
143,0.005775900001026457,0.04596049999963725
144,0.007427300002746051,0.04935829999885755
145,0.005126399999426212,0.04926100000011502
146,0.005839099998411257,0.046256700003141304
147,0.005932399999437621,0.0452668999969319
148,0.005435000002762536,0.048221299999568146
149,0.006250099999306258,0.05061070000010659
150,0.0053932999981043395,0.04762810000102036
151,0.006146799998532515,0.04974159999983385
152,0.006809900001826463,0.05134080000061658
153,0.008400800001254538,0.05368010000165668
154,0.004900800002360484,0.052651899997727014
155,0.005946999997831881,0.05694669999866164
156,0.0065108999988297,0.05349890000070445
157,0.005562700000155019,0.07123399999909452
158,0.008844400002999464,0.05588950000310433
159,0.006916900001670001,0.056019600000581704
160,0.008012400001462083,0.05718129999877419
161,0.007128400000510737,0.060577899999771034
162,0.011018799999874318,0.05946110000149929
163,0.00561569999990752,0.06048910000026808
164,0.006937000001926208,0.061438700002327096
165,0.007631799999217037,0.0736362999996345
166,0.006269200002861908,0.06897110000136308
167,0.0069264999983715825,0.06758799999806797
168,0.009747099997184705,0.06878999999753432
169,0.007639100000233157,0.06419649999952526
170,0.008282499999040738,0.07072649999827263
171,0.01129660000151489,0.07287319999886677
172,0.010162700000364566,0.07418909999978496
173,0.009384900000441121,0.07554300000265357
174,0.010013600000092993,0.07717389999743318
175,0.008643199998914497,0.07461010000042734
176,0.009821800002100645,0.08150469999964116
177,0.00821429999996326,0.07948349999787752
178,0.007518399997934466,0.07578620000276715
179,0.00936349999756203,0.07375469999897177
180,0.007852900002035312,0.11186169999928097
181,0.008912900000723312,0.0793822999985423
182,0.007761900000332389,0.07763669999985723
183,0.008664699998917058,0.08338630000071134
184,0.011053100002754945,0.0835466999997152
185,0.008423900002526352,0.08387330000186921
186,0.008135799998854054,0.07724839999718824
187,0.007812199997715652,0.08037440000043716
188,0.008075800000369782,0.08209229999920353
189,0.009374799999932293,0.08292119999896386
190,0.011312200000247685,0.08290599999963888
191,0.00954959999944549,0.08939559999998892
192,0.01008650000221678,0.08892489999925601
193,0.010119200000190176,0.10206499999912921
194,0.00989550000304007,0.08750510000027134
195,0.010415000000648433,0.09176250000018626
196,0.011065900001995033,0.08967510000002221
197,0.009938099999999395,0.09732349999831058
198,0.008819599999696948,0.08847080000123242
199,0.009660499999881722,0.0917236999994202
200,0.012905899999168469,0.0981761999973969
201,0.009101099996769335,0.09599659999730648
202,0.011761500001739478,0.09320959999968181
203,0.010456199997861404,0.09595719999924768
204,0.009596299998520408,0.09697800000139978
205,0.012700700001005316,0.10554229999979725
206,0.010273699997924268,0.0987728000000061
207,0.010572300001513213,0.14617790000193054
208,0.008759799999097595,0.10063699999955134
209,0.013070900000457186,0.10892819999935455
210,0.012761900001351023,0.1159044999985781
211,0.015604299998813076,0.10172089999832679
212,0.012800900000002002,0.09944719999839435
213,0.010703500000090571,0.10405290000198875
214,0.009180000000924338,0.10389280000163126
215,0.01021019999825512,0.10613889999876847
216,0.010274199998093536,0.10612119999859715
217,0.01136420000329963,0.1034947000007378
218,0.012367899998935172,0.10749059999943711
219,0.011666200000036042,0.1219946000019263
220,0.01443499999732012,0.1107966999989003
221,0.012882300001365365,0.11416129999997793
222,0.01084410000112257,0.11240230000112206
223,0.011739099998521851,0.1140895000025921
224,0.01735489999919082,0.12087909999900148
225,0.0159127000006265,0.11052819999895291
226,0.014526899998600129,0.12510430000111228
227,0.01333130000057281,0.12869399999908637
228,0.012412700001732446,0.1260495999995328
229,0.016700100000889506,0.1253333000022394
230,0.015041599999676691,0.12813420000020415
231,0.013157200002751779,0.1299838999984786
232,0.01628070000151638,0.15017429999716114
233,0.014356100000441074,0.12388360000113607
234,0.016799600001832005,0.1358817000000272
235,0.017764799998985836,0.13102640000215615
236,0.013523300000088057,0.13785070000085398
237,0.01563230000101612,0.13750190000064322
238,0.011886199998116354,0.1444883000003756
239,0.0153731999998854,0.151909500000329
240,0.014341199999762466,0.12789709999924526
241,0.013493099999323022,0.1327662000003329
242,0.016599200000200653,0.13375950000045123
243,0.01383949999944889,0.18395819999932428
244,0.017000899999402463,0.13804760000130045
245,0.015832299999601673,0.15131660000042757
246,0.015236200000799727,0.1526272000010067
247,0.020416999999724794,0.14915430000110064
248,0.013395599999057595,0.1479191999969771
249,0.019219199999497505,0.16018980000080774
250,0.016636899999866728,0.1596955999993952
251,0.013835300000209827,0.15130839999983436
252,0.015533200003119418,0.15992650000043795
253,0.013969499999802792,0.16264370000135386
254,0.014419499999348773,0.16040630000134115
255,0.016736999998101965,0.1531926999996358
256,0.014806099999987055,0.15655519999927492
257,0.014682599998195656,0.1498237000014342
258,0.018565900001703994,0.16315269999904558
259,0.016048999998020008,0.1539185000001453
260,0.015905000000202563,0.1536551999997755
261,0.019023799999558832,0.16635279999900376
262,0.014132899999822257,0.15440890000172658
263,0.015553099998214748,0.1559132000002137
264,0.01920619999873452,0.16112140000041109
265,0.019405799997912254,0.1576113000010082
266,0.020548099997540703,0.1777180999997654
267,0.02125480000177049,0.1801064999999653
268,0.02046899999913876,0.17891550000058487
269,0.01797699999951874,0.16946309999912046
270,0.015426199999637902,0.17809499999930267
271,0.019151600001350744,0.18171090000032564
272,0.02250819999972009,0.21151049999753013
273,0.018986800001584925,0.1766143999993801
274,0.01793090000137454,0.1776577000018733
275,0.02177550000124029,0.18458660000032978
276,0.017631999999139225,0.19486959999994724
277,0.020760999999765772,0.179509000001417
278,0.01983990000007907,0.1727567000016279
279,0.020884499997919193,0.18440389999886975
280,0.023510800001531607,0.19256279999899562
281,0.01666019999902346,0.17632210000010673
282,0.016928599998209393,0.1924284999986412
283,0.019735199999558972,0.19990739999775542
284,0.020137999999860767,0.19950520000202232
285,0.02067249999890919,0.20217159999810974
286,0.024150199998985045,0.19551030000002356
287,0.015075499999511521,0.18498730000283103
288,0.018916900000476744,0.19638929999928223
289,0.018740599996817764,0.1966272999998182
290,0.020958799999789335,0.19459199999982957
291,0.022925200002646307,0.2126745999994455
292,0.02269719999821973,0.21509710000100313
293,0.018747999998595333,0.20916339999894262
294,0.015980299998773262,0.19370109999726992
295,0.020934399999532616,0.2173454000003403
296,0.026605800001561875,0.21767180000097142
297,0.021989299999404466,0.21745399999781512
298,0.024523199997929623,0.21502320000217878
299,0.022512499999720603,0.22426569999879575
300,0.0291283000005933,0.2139102000001003
301,0.02333879999787314,0.2423702999985835
302,0.022413199996663025,0.2166921000025468
303,0.021883599998545833,0.2253603999997722
304,0.022971200000029057,0.2148499000031734
305,0.02050500000041211,0.22552929999801563
306,0.023223500000312924,0.21692089999851305
307,0.02314479999768082,0.211514000002353
308,0.029313700000784593,0.21741130000009434
309,0.019390100002055988,0.219894399997429
310,0.024696299999050098,0.22364219999872148
311,0.02405440000075032,0.21997380000175326
312,0.02884319999793661,0.24698560000251746
313,0.025427500000660075,0.2347473000008904
314,0.02249170000141021,0.24309740000171587
315,0.024812899999233196,0.23587339999721735
316,0.02534639999794308,0.24650389999806066
317,0.025538300000334857,0.25019049999900744
318,0.018974799997522496,0.2333494000013161
319,0.027126199998747325,0.24936840000009397
320,0.02476389999719686,0.23599649999960093
321,0.02891720000116038,0.24060480000116513
322,0.029629900000145426,0.24618399999963003
323,0.024938800001109485,0.2384258999991289
324,0.031133100001170533,0.26629160000084084
325,0.025207200000295416,0.301439399998344
326,0.023453699999663513,0.2526453999998921
327,0.02914740000051097,0.3129631999981939
328,0.025381999999808613,0.266179900001589
329,0.023748899999191053,0.2686747000007017
330,0.023428200001944788,0.28696560000025784
331,0.032671400000253925,0.2511004999978468
332,0.026097099998878548,0.2524219000006269
333,0.02880869999717106,0.2774667999983649
334,0.027938799998082686,0.2731534999984433
335,0.03140910000001895,0.27798449999681907
336,0.027576699998462573,0.2729868999995233
337,0.028091899999708403,0.3281416999998328
338,0.03543509999872185,0.27371490000223275
339,0.034236600000440376,0.31431420000080834
340,0.029318600001715822,0.3037481999999727
341,0.032173200001125224,0.3241420999984257
342,0.02969189999930677,0.3011363999976311
343,0.030136100001982413,0.29355589999977383
344,0.02972349999981816,0.2885354999998526
345,0.034318999998504296,0.27663380000012694
346,0.028565399999934016,0.2876117999985581
347,0.02928240000255755,0.2923503999991226
348,0.028691999999864493,0.28552659999695607
349,0.029611400001158472,0.31400310000026366
350,0.03008909999698517,0.2783291999985522
351,0.034768800000165356,0.3064193999998679
352,0.030834699999104487,0.3097240999995847
353,0.02590520000012475,0.3021109000001161
354,0.027807599999505328,0.3065935999984504
355,0.029497699997591553,0.3162880999989284
356,0.02907989999948768,0.3125078000011854
357,0.03394699999989825,0.3028924999998708
358,0.026667299996915972,0.2941289999980654
359,0.025206900001649046,0.3058380999973451
360,0.03734760000224924,0.29988260000027367
361,0.03063990000009653,0.31759909999891534
362,0.03344480000305339,0.31920499999978347
363,0.04017709999970975,0.33127719999902183
364,0.03247399999963818,0.32043369999883
365,0.03488239999933285,0.30923100000291015
366,0.02810970000064117,0.31491160000223317
367,0.03202709999823128,0.3153351000000839
368,0.036315499997726874,0.3063287000004493
369,0.033713900000293506,0.31499069999699714
370,0.02925419999883161,0.3164939999987837
371,0.038325800000166055,0.3302205999971193
372,0.03696689999924274,0.31867760000022827
373,0.032095999999000924,0.31500380000215955
374,0.03267790000245441,0.3218823999995948
375,0.03539689999888651,0.33171389999915846
376,0.03118000000176835,0.3334938999978476
377,0.04023620000225492,0.33553370000299765
378,0.03741400000217254,0.37844699999914155
379,0.035141500000463566,0.3515878000034718
380,0.033049800000299,0.34231979999822215
381,0.03280549999908544,0.3507705000010901
382,0.028984900000068592,0.3353408999973908
383,0.03132880000339355,0.34494220000124187
384,0.0352643000005628,0.34773130000030505
385,0.042961600000126055,0.36551870000039344
386,0.03986269999950309,0.3660424999980023
387,0.03805590000047232,0.3669346000024234
388,0.03152550000231713,0.37804640000103973
389,0.034776000000420026,0.3791339000017615
390,0.03166860000055749,0.37066820000109146
391,0.03529980000166688,0.37018519999764976
392,0.0474625000024389,0.3524905999984185
393,0.03225310000198078,0.3630052999978943
394,0.046256600002379855,0.37050550000276417
395,0.03571880000163219,0.39543500000218046
396,0.0352885000029346,0.3798486999985471
397,0.04051749999780441,0.42509720000089146
398,0.031049999997776467,0.3832843000018329
399,0.04818169999998645,0.3863877000003413
400,0.03935469999851193,0.3800040000023728
401,0.04518129999996745,0.4024777000013273
402,0.04723379999995814,0.37664349999977276
403,0.03657229999953415,0.39098720000038156
404,0.03831799999898067,0.3774922999982664
405,0.03419219999705092,0.3695095999974001
406,0.034226700001454446,0.3886673000015435
407,0.031248399998730747,0.392955899998924
408,0.03983469999730005,0.39152150000154506
409,0.04567780000070343,0.4083319000019401
410,0.0396909000010055,0.40434779999850434
411,0.040021500000875676,0.43583379999836325
412,0.038901300002180506,0.4095497999987856
413,0.054565400001592934,0.40762829999948735
414,0.03885440000158269,0.3947310000003199
415,0.03914240000085556,0.4088774000010744
416,0.043943500000750646,0.4350845999979356
417,0.03967969999939669,0.3900822000032349
418,0.04656099999920116,0.40136559999882593
419,0.0420921000004455,0.4234230000001844
420,0.03514519999953336,0.4053859999985434
421,0.04623569999967003,0.4156565999983286
422,0.04810160000124597,0.42544009999983246
423,0.04968860000008135,0.42489930000010645
424,0.04681400000117719,0.4128588999992644
425,0.04804109999895445,0.4260141000013391
426,0.04817840000032447,0.4329359999974258
427,0.04193909999958123,0.4274178000014217
428,0.03879140000208281,0.4374257999988913
429,0.0386480000015581,0.45964200000162236
430,0.04522759999963455,0.4441704999990179
431,0.04444429999784916,0.4313220999974874
432,0.05046819999915897,0.4545737000007648
433,0.041001500001584645,0.424050099998567
434,0.05158169999776874,0.4402031999998144
435,0.03851070000018808,0.45303969999804394
436,0.0494951000000583,0.42971269999907236
437,0.04766319999907864,0.4906555000015942
438,0.04615689999991446,0.4532787999996799
439,0.04647280000062892,0.44853299999886076
440,0.04947510000056354,0.44880149999880814
441,0.04036390000328538,0.4518276999988302
442,0.043820200000482146,0.45934979999947245
443,0.04897479999999632,0.4576411999987613
444,0.047887299999274546,0.4717720999979065
445,0.0490083999975468,0.46707769999920856
446,0.04774869999891962,0.486104499999783
447,0.05038780000177212,0.4803100999997696
448,0.04469099999914761,0.49799690000145347
449,0.056992099998751655,0.48909740000090096
450,0.04759149999881629,0.4677111999990302
451,0.049399800001992844,0.48825529999885475
452,0.044241399999009445,0.49726490000102785
453,0.04718669999783742,0.4674680999996781
454,0.06520919999820762,0.4781139999977313
455,0.04801779999979772,0.47782919999735896
456,0.05279330000121263,0.48955950000163284
457,0.056774000000586966,0.4788942999985011
458,0.047868300000118325,0.5230766999993648
459,0.06866600000284961,0.4921902999994927
460,0.0445869999966817,0.495597799999814
461,0.054330799997842405,0.5307608000002801
462,0.05654770000182907,0.4858717000024626
463,0.053781300000991905,0.516413500001363
464,0.0586431999981869,0.5279991999996128
465,0.05611270000008517,0.5127395999988948
466,0.047587600001861574,0.4972155000032217
467,0.05818060000092373,0.5217565000020841
468,0.04900989999805461,0.49641520000295714
469,0.051630199999635806,0.5262638999993214
470,0.04899440000008326,0.5333191999998235
471,0.06526960000337567,0.5492450000019744
472,0.06365899999946123,0.5625473999971291
473,0.05153900000004796,0.5417173999994702
474,0.05580499999996391,0.5137553999993543
475,0.05765929999688524,0.5185593999995035
476,0.05810550000023795,0.517219400000613
477,0.059973100000206614,0.5619193999991694
478,0.06506159999844385,0.5674824000016088
479,0.06819630000245525,0.555934599997272
480,0.04545289999805391,0.5234134999991511
481,0.0585903999999573,0.5193276000027254
482,0.053631799997674534,0.5451968999987002
483,0.0473048000021663,0.5341728999992483
484,0.05672930000218912,0.5518416999984765
485,0.05706560000180616,0.6163424000005762
486,0.06833740000001853,0.5925212999973155
487,0.059058499999082414,0.5918296999989252
488,0.05595000000175787,0.564929200001643
489,0.058097699999052566,0.5954959000009694
490,0.07024030000320636,0.5820958999975119
491,0.05742869999812683,0.5481649000030302
492,0.05650420000165468,0.5853420999992522
493,0.06030240000109188,0.6003880999996909
494,0.06098759999804315,0.6000047999987146
495,0.05068849999952363,0.6018232999995234
496,0.06916499999715597,0.5614550999998755
497,0.06031830000210903,0.5645325000004959
498,0.06015289999777451,0.5593666999993729
499,0.05271050000010291,0.5779328999997233
500,0.06776139999783481,0.5716453000022739
501,0.0517266999995627,0.5880483000000822
502,0.07002690000081202,0.6128995999970357
503,0.05735520000234828,0.5866205000020273
504,0.06623219999892171,0.5838053000006767
505,0.06154499999684049,0.5789148999974714
506,0.06028340000193566,0.5864751000008255
507,0.0635906999996223,0.5940865999982634
508,0.06034379999982775,0.6419553000014275
509,0.056907400001364294,0.5946428999995987
510,0.061872199999925215,0.6283354999977746
511,0.07243770000059158,0.6499162000000069
512,0.05992989999867859,0.5969246999993629
513,0.06580430000030901,0.6106408000014198
514,0.061981099999684375,0.6121280000006664
515,0.06117950000043493,0.6240542000014102
516,0.07388630000059493,0.663932699997531
517,0.0721880000019155,0.6593929000009666
518,0.06296110000039334,0.6559649999981048
519,0.06077930000174092,0.661314199998742
520,0.06756700000187266,0.6284209000004921
521,0.0634559000027366,0.6587470000013127
522,0.06928110000080778,0.6328278000000864
523,0.06432539999877918,0.6272626999998465
524,0.05618759999924805,0.6622395000013057
525,0.08640309999827878,0.6489175999995496
526,0.0781024999996589,0.6580083999979252
527,0.07153480000124546,0.663962900001934
528,0.06114460000026156,0.6622711000018171
529,0.07247889999780455,0.646481900002982
530,0.06316949999745702,0.6418426999989606
531,0.06180039999890141,0.6943305999993754
532,0.07061020000037388,0.6999888000027568
533,0.0743062999972608,0.6583820999985619
534,0.0673376000013377,0.6801151999970898
535,0.05972909999763942,0.6630686000025889
536,0.061601099998370046,0.6547706999990623
537,0.06931280000208062,0.6736515999982657
538,0.06755039999916335,0.7014219000011508
539,0.06777869999859831,0.7079737999993085
540,0.06456400000024587,0.6649356999987504
541,0.0696964000017033,0.6788835000006657
542,0.06551500000205124,0.7271335999976145
543,0.07900700000027427,0.6823948999990535
544,0.07035840000025928,0.7229958000025363
545,0.07537720000254922,0.7236873000001651
546,0.07418429999961518,0.7431011999979091
547,0.08410589999766671,0.6835107000006246
548,0.07273260000147275,0.6899513999996998
549,0.07550899999841931,0.6915570000019216
550,0.07789150000098743,0.7149798999998893
551,0.07456040000033681,0.7140379000011308
552,0.07484469999690191,0.7274015000002692
553,0.08068719999937457,0.7206605999999738
554,0.07737199999974109,0.7410642000031658
555,0.06744310000067344,0.708204200000182
556,0.07734110000092187,0.7379948999987391
557,0.06532860000152141,0.7375747999976738
558,0.0638717000001634,0.7908286000019871
559,0.07694260000062059,0.8093335000012303
560,0.08152689999769791,0.789125299997977
561,0.10527439999714261,0.7995726999979524
562,0.07715899999675457,0.773419200002536
563,0.08925190000081784,0.7352678999995987
564,0.08278369999970892,0.7605470999988029
565,0.07430540000132169,0.7449870000018564
566,0.07769809999808786,0.7664345000011963
567,0.07529840000279364,0.7563446999993175
568,0.07273239999994985,0.7780286999986856
569,0.07837099999960628,0.8094124999988708
570,0.08923820000200067,0.7581485000009707
571,0.08120149999740534,0.7918146000010893
572,0.07021100000201841,0.8063103999993473
573,0.09781519999887678,0.7887216999988595
574,0.07878580000033253,0.8052004999990459
575,0.06862290000208304,0.8015025999993668
576,0.09575910000057775,0.8443575999990571
577,0.08856590000141296,0.8106155999994371
578,0.07558090000020457,0.8671113000018522
579,0.09292330000243965,0.8698206000008213
580,0.09603029999925639,0.7758175999988453
581,0.07966380000289064,0.7933667999968748
582,0.0915815999978804,0.7984699000007822
583,0.08086750000074971,0.7953803999989759
584,0.08832800000163843,0.8225435999993351
585,0.09272540000165463,0.8250613000018348
586,0.081360100000893,0.8134718000001158
587,0.0840704000002006,0.8266954999999143
588,0.08966650000002119,0.8085830999989412
589,0.0720368000002054,0.8179196999990381
590,0.07710729999962496,0.8089309999995749
591,0.09723170000143,0.8270029999985127
592,0.08051989999876241,0.8056323000018892
593,0.0950288999993063,0.8693176999986463
594,0.08375499999965541,0.8738573000009637
595,0.09641030000057071,0.8899711000012758
596,0.08769329999995534,0.835220400000253
597,0.08999409999887575,0.8404388000017207
598,0.08521249999830616,0.8575134000020626
599,0.0916607999970438,0.8957012999999279
600,0.12739529999817023,0.8848872000016854
601,0.08585949999906006,1.163806000000477
602,0.09480600000097184,0.866788400002406
603,0.08562939999683294,0.8724569000005431
604,0.07281859999784501,0.8542774999987159
605,0.09292730000015581,0.9165224999997008
606,0.08757719999994151,0.8818271000018285
607,0.08042029999705846,0.8864471999986563
608,0.08912550000241026,0.8626332999992883
609,0.09554510000089067,0.8701141999990796
610,0.11156660000051488,0.8802943000009691
611,0.08234810000067228,0.8814614999973855
612,0.07292859999870416,0.8715714999998454
613,0.09554170000046724,0.920062200002576
614,0.08945630000016536,0.9442263999990246
615,0.10334249999868916,0.9035559999974794
616,0.09513599999991129,0.9174994000022707
617,0.07920890000241343,0.909202800001367
618,0.09740769999916665,0.9094219999969937
619,0.09963979999884032,0.9179651000013109
620,0.09373250000135158,0.886391600000934
621,0.11161989999891375,0.888537599999836
622,0.08944549999796436,0.8974334000013187
623,0.07931959999768878,0.9603499999975611
624,0.09040939999977127,0.9904403000000457
625,0.10886419999951613,0.937258699999802
626,0.07793300000048475,0.9058928999984346
627,0.1008615999999165,0.9561205999998492
628,0.09843569999793544,0.9824336000019684
629,0.10921389999930398,0.9571792000024288
630,0.0855777999968268,0.9162208000016108
631,0.09926569999879575,0.9113472999997612
632,0.07659649999914109,0.9523243999974511
633,0.08458210000026156,0.9195767999990494
634,0.1395957000022463,1.0215506999993522
635,0.10106079999968642,1.0012896000007458
636,0.10756879999826197,0.9700745000009192
637,0.09619449999809149,0.929425700000138
638,0.11178659999859519,1.025420000001759
639,0.09039599999960046,0.9374143000022741
640,0.09329029999935301,0.9780105999998341
641,0.0957669999988866,0.9721485000009125
642,0.09070110000175191,1.037778400001116
643,0.08830639999723644,1.0927226999992854
644,0.11273409999921569,1.0016639999994368
645,0.09871669999847654,1.0183623000011721
646,0.11395999999876949,1.0339361000005738
647,0.10101679999934277,0.9700725000002421
648,0.13948470000104862,1.0247735999982979
649,0.1048196999981883,0.9882285000021511
650,0.1084071999976004,0.9608227999997325
651,0.10827489999792306,0.9760192000030656
652,0.11008719999881578,1.0304412000004959
653,0.10861080000177026,1.026679200000217
654,0.110833000002458,1.0038047000016377
655,0.10486490000039339,0.9884692000014184
656,0.10957609999968554,1.0023694000010437
657,0.09104220000153873,1.0846630999985791
658,0.11509129999831202,1.0228462000013678
659,0.11003210000126273,1.0028759999986505
660,0.09055590000207303,1.0742135000000417
661,0.11955200000011246,1.103069000000687
662,0.09959399999934249,1.0256058000013581
663,0.11176500000146916,1.0892183999967529
664,0.14873410000291187,1.1299133000029542
665,0.09394919999976992,1.0867118999995
666,0.0986797999976261,1.0509743000002345
667,0.11720749999949476,1.0679596000009042
668,0.10503249999965192,1.0973578000011912
669,0.10011119999762741,1.0686258999994607
670,0.10680669999783277,1.0877369999980147
671,0.10377249999874039,1.0387210999979288
672,0.10819769999943674,1.0746972000015376
673,0.10500859999956447,1.0936516000001575
674,0.13941179999892483,1.137954300000274
675,0.11305759999959264,1.1009432000028028
676,0.10603769999943324,1.1174108000013803
677,0.11811519999901066,1.0952605999991647
678,0.12153079999916372,1.1216440999996848
679,0.08672159999696305,1.0961459999998624
680,0.11149370000202907,1.1087937000011152
681,0.11085730000195326,1.1541101000002527
682,0.11919709999710904,1.1574773000029381
683,0.10916910000014468,1.144330800001626
684,0.11041109999860055,1.1637856000015745
685,0.08028740000008838,1.1427084999995714
686,0.12437539999882574,1.1097398999991128
687,0.12578190000203904,1.1029063999994833
688,0.10563919999913196,1.1449085999993258
689,0.11758650000047055,1.1354138999995484
690,0.10674550000112504,1.1073668999997608
691,0.13918740000008256,1.173746200001915
692,0.13162259999808157,1.1877601000014693
693,0.12154210000153398,1.1937619999989693
694,0.12624380000124802,1.2144676000025356
695,0.10846460000175284,1.1558217000019795
696,0.11220700000194483,1.1689758000029542
697,0.12444249999680324,1.2035993999998027
698,0.12527480000062496,1.222864600000321
699,0.12531479999961448,1.1757803000000422
700,0.12207820000185166,1.205232000000251
701,0.11913690000073984,1.208620900000824
702,0.11521539999739616,1.1981034000018553
703,0.13106169999809936,1.2036817000007431
704,0.12150169999949867,1.1820843999994395
705,0.11178339999969467,1.2180143000005046
706,0.1410546000006434,1.362421699999686
707,0.11691200000132085,1.2290958000012324
708,0.106116099999781,1.1708479000008083
709,0.12765139999828534,1.2110484999975597
710,0.11442339999848627,1.2338517999996839
711,0.12548029999743449,1.2006268000004638
712,0.14262139999846113,1.2197324999979173
713,0.13023519999842392,1.236757700000453
714,0.12232589999985066,1.2761358999996446
715,0.11976810000123805,1.1857083000031707
716,0.1283610000027693,1.24109419999877
717,0.12834279999879072,1.2918534999989788
718,0.1480343000002904,1.2349622000001546
719,0.1439978999987943,1.2513342000020202
720,0.13082479999866337,1.2067516000024625
721,0.1361579000003985,1.317659399999684
722,0.11535049999656621,1.2509312000001955
723,0.13737330000003567,1.2666710000012245
724,0.11321989999851212,1.2962536999984877
725,0.12678840000080527,1.279047600000922
726,0.1200539999990724,1.274028299998463
727,0.11978180000005523,1.2773939999970025
728,0.11676470000020345,1.2688554999986081
729,0.10785140000007232,1.2507562999999209
730,0.1429599999974016,1.290363600001001
731,0.14614129999972647,1.2902895999977773
732,0.13127710000117077,1.3560182000001078
733,0.13495960000000196,1.2342829999979585
734,0.1317084000002069,1.2943598999991082
735,0.14577450000069803,1.305770400002075
736,0.1636182000002009,1.2829868000007991
737,0.1315175999989151,1.2971434999999474
738,0.13241130000096746,1.3280054999995627
739,0.13281060000008438,1.349618799999007
740,0.12357039999915287,1.355217399999674
741,0.12642530000084662,1.321490599999379
742,0.12906270000166842,1.3522287999985565
743,0.1704478999999992,1.2892291999996814
744,0.11271299999862094,1.3708200000000943
745,0.13388190000114264,1.308228699999745
746,0.13516619999791146,1.3746866000001319
747,0.1471447999974771,1.3514459999969404
748,0.13892679999844404,1.3407412000015029
749,0.13270619999821065,1.38180850000208
750,0.12641339999754564,1.3478303999982018
751,0.1633265999989817,1.3892594999997527
752,0.13236829999732436,1.3729063999999198
753,0.1360311999997066,1.3675340000008873
754,0.13053969999964465,1.3780264999986684
755,0.15907549999974435,1.3939128999991226
756,0.1516818999989482,1.3848362999997335
757,0.13001939999958267,1.4051958000018203
758,0.13371900000129244,1.3583698000002187
759,0.11883409999791184,1.3524848000015481
760,0.16603920000125072,1.4061166999999841
761,0.14771289999771398,1.378180899999279
762,0.1462707999999111,1.4320454000007885
763,0.14955550000013318,1.3772067999998399
764,0.15211160000035306,1.368913700000121
765,0.14394309999988764,1.352566300000035
766,0.13043349999861675,1.4706392000007327
767,0.14887769999768352,1.4234472999996797
768,0.15127149999898393,1.4840478000005533
769,0.13645739999992657,1.421996000000945
770,0.12877640000078827,1.434919399998762
771,0.1438044999995327,1.3760117999991053
772,0.1300320999980613,1.4693531999982952
773,0.13180329999886453,1.425270099996851
774,0.16350299999976414,1.4037822999998752
775,0.1475449000026856,1.5013515999999072
776,0.1376181000014185,1.4496633000017027
777,0.13497990000178106,1.4964647999986482
778,0.13995470000008936,1.4891661000001477
779,0.19375589999981457,1.4426270999974804
780,0.1385095999976329,1.4126777000019501
781,0.14314480000030017,1.4187186999988626
782,0.1624156999969273,1.5179681000008713
783,0.15379810000013094,1.4286314999990282
784,0.15624430000025313,1.4979333000010229
785,0.16574309999850811,1.5297280000013416
786,0.128209100003005,1.4624727000009443
787,0.1712697000002663,1.534413899997162
788,0.14906730000075186,1.451347700000042
789,0.15634729999874253,1.5831236000012723
790,0.12929280000025756,1.5257646999998542
791,0.16182959999787272,1.4872199000019464
792,0.2197271000004548,1.550139400002081
793,0.15214080000077956,1.485057300000335
794,0.15423509999891394,1.4670329000000493
795,0.16376970000055735,1.4767609000009543
796,0.13908549999905517,1.474490299999161
797,0.15089680000164662,1.458316599997488
798,0.13462900000013178,1.5664332999986073
799,0.16946979999920586,1.5863718000000517
800,0.18304360000183806,1.5546299000016006
801,0.18532609999965644,1.5769218000023102
802,0.1557018000021344,1.5706006000000343
803,0.1596339000025182,1.4857427999995707
804,0.15353020000111428,1.684644600001775
805,0.12771069999871543,1.5124087000003783
806,0.1515283000007912,1.554685099999915
807,0.15444840000054683,1.6052252000008593
808,0.14861670000027516,1.575227299999824
809,0.18062879999706638,1.632316899998841
810,0.22521059999780846,1.5800110999989556
811,0.1847423000035633,1.5479353999980958
812,0.1597223999997368,1.6202751999990141
813,0.1856910999995307,1.5800312999999733
814,0.1668418000008387,1.5860734000016237
815,0.17507320000004256,1.5809873000034713
816,0.14311710000038147,1.5288274999984424
817,0.181419199998345,1.5400819999995292
818,0.13667939999868395,1.6132575000010547
819,0.1664901000003738,1.6250837999978103
820,0.1502108999993652,1.5639855999979773
821,0.14003279999815277,1.5994714000007662
822,0.15481020000152057,1.5503947000033804
823,0.15741329999946174,1.5781991999974707
824,0.15489739999975427,1.6694448999987799
825,0.1862799000009545,1.650453500002186
826,0.1578644000001077,1.6713503999999375
827,0.1747419000021182,1.7151532999996562
828,0.16516919999776292,1.6592520000012883
829,0.15901210000083665,1.6991143000013835
830,0.17585440000038943,1.6374446000008902
831,0.17801460000191582,1.6202346999998554
832,0.18218609999894397,1.6228356000028725
833,0.21779950000200188,1.6217762999986007
834,0.1462621000027866,1.717230300000665
835,0.18173949999982142,1.6915577999970992
836,0.1706752999998571,1.642530799999804
837,0.1657275999968988,1.6162494000018341
838,0.1467943000025116,1.6740303999977186
839,0.16830939999999828,1.6375231999991229
840,0.16560930000196095,1.7403727999990224
841,0.20587739999973564,1.7100222000008216
842,0.17073209999944083,1.6793557999990298
843,0.14335439999922528,1.7203030999990006
844,0.19754810000085854,1.7743305000003602
845,0.20448540000143112,1.7617690000006405
846,0.18590519999997923,1.786847299998044
847,0.29417240000111633,2.0352437000001373
848,0.16641809999782708,1.894334799999342
849,0.23071580000032554,1.7927869999984978
850,0.16695590000017546,1.7077786000008928
851,0.1771744999969087,1.8179914000029385
852,0.17825109999830602,1.7040157000010367
853,0.1950948999983666,1.7026143000002776
854,0.18509830000039074,1.8183623000004445
855,0.17571760000282666,1.7780607999993663
856,0.17044220000025234,1.7991210999971372
857,0.1976068000003579,1.7962220999979763
858,0.1694076000021596,1.7487710000023071
859,0.1867351000000781,1.7946173999989696
860,0.18584860000191838,1.7704950999977882
861,0.16400659999999334,1.740365900001052
862,0.18811649999770452,1.821550799999386
863,0.1754914999983157,1.747238700001617
864,0.16442610000012792,1.8605406000024232
865,0.18328529999780585,1.7523670999980823
866,0.18696510000154376,1.8781162000013865
867,0.1819735999997647,2.0205515999987256
868,0.20617359999960172,1.819447100002435
869,0.2140683999969042,1.873978800002078
870,0.1742565000022296,1.847432700000354
871,0.1868624999988242,1.8053484999982174
872,0.16986130000077537,1.844993800001248
873,0.20917229999759002,1.7873379000011482
874,0.16766099999949802,1.8299071000001277
875,0.19809929999973974,1.82389929999772
876,0.18834419999984675,1.7940559000016947
877,0.18641769999885582,1.880491300002177
878,0.20396619999883114,1.805854400001408
879,0.1776583999999275,1.895008899999084
880,0.20584190000226954,1.8296905000024708
881,0.16504150000037043,1.8489160999997694
882,0.20033239999975194,1.8617828999995254
883,0.16636729999663658,1.8588228999979037
884,0.1938410999973712,1.8828313000012713
885,0.22870400000101654,1.8171519000025
886,0.20084869999845978,1.8754162000004726
887,0.22282229999837,1.910681500001374
888,0.20588920000227517,1.9167038000014145
889,0.17888529999981984,1.935268500001257
890,0.1994851000017661,1.9017918999998074
891,0.19020000000091386,1.9123054999981832
892,0.19614649999857647,2.0004262999973434
893,0.20646649999980582,1.8749397999999928
894,0.2102536999991571,1.9937310999994224
895,0.17884929999854648,1.9437229000031948
896,0.19554100000095787,1.9217834000010043
897,0.2054833999973198,1.8801314999982424
898,0.22608409999884316,1.9072867999966547
899,0.215915100001439,1.9526168999982474
900,0.19163820000176202,1.9655129999991914
901,0.2238714000013715,2.001911300001666
902,0.15769310000177938,1.9539433999998437
903,0.18951240000023972,1.9625001999993401
904,0.19905020000078366,2.0042762999983097
905,0.1837301000014122,1.986181200001738
906,0.1836557000024186,1.9704364999997779
907,0.19188930000018445,2.0850361000011617
908,0.18089449999752105,2.0155130999992252
909,0.19128310000087367,2.3088590999977896
910,0.2071141999986139,2.0787784999993164
911,0.21193720000155736,1.9907553999983065
912,0.22816779999993742,1.9799918000026082
913,0.21788589999778196,2.048624600000039
914,0.21772550000241608,2.033275499998126
915,0.19222119999903953,2.0318702000004123
916,0.19107609999991837,2.0274652000007336
917,0.20690420000028098,2.1938674000011815
918,0.2090399999942747,2.0769604000015534
919,0.2296347000010428,2.076903000001039
920,0.20419390000461135,2.0537441999986186
921,0.1771361000064644,2.025026600000274
922,0.16853680000349414,2.0797933000067133
923,0.2223965999946813,2.0275993999966886
924,0.2102660999953514,2.0821197999975993
925,0.21840030000021216,2.0565834999943036
926,0.2280761999936658,2.114337600003637
927,0.21333270000468474,2.0956041000026744
928,0.22199410000030184,2.0559556000007433
929,0.24647629999526544,2.0677820999990217
930,0.2176060999991023,2.116908500000136
931,0.2677289999992354,2.767045500004315
932,0.20691010000155075,2.048602499999106
933,0.2145959999979823,2.2145510999980615
934,0.2400273000021116,2.0782141000017873
935,0.23612409999623196,2.291146399998979
936,0.2363130000012461,2.1955078999963007
937,0.2218155000009574,2.163538200002222
938,0.22857900000235531,2.0877086999971652
939,0.23659760000009555,2.22142729999905
940,0.21007059999828925,2.1135381999993115
941,0.25072260000160895,2.209327700002177
942,0.23139349999837577,2.1547807000024477
943,0.23054180000326596,2.184497800000827
944,0.23573279999982333,2.463461899998947
945,0.21542259999841917,2.1838933000035468
946,0.27551820000371663,2.2349233999993885
947,0.21455510000669165,2.2373281000036513
948,0.22856529999990016,2.206098700000439
949,0.22550880000198958,2.1802938999971957
950,0.20725320000201464,2.193743000003451
951,0.25855089999822667,2.2074498000001768
952,0.24592580000171438,2.346052500004589
953,0.2684291999976267,2.209073099998932
954,0.18070309999893652,2.276981800001522
955,0.22016289999737637,2.232905999997456
956,0.2166665999975521,2.298521400000027
957,0.1836946000039461,2.1831003000042983
958,0.2342891000007512,2.4008651000040118
959,0.2117553999996744,2.233846299997822
960,0.2652907999945455,2.260750499997812
961,0.2279248999984702,2.2188565999967977
962,0.2522943000003579,2.3361876999988453
963,0.24689779999607708,2.192600800000946
964,0.2206034000046202,2.3435449000025983
965,0.22318739999900572,2.229339400000754
966,0.2500986000013654,2.330174299997452
967,0.24900699999852804,2.218739399999322
968,0.24843360000522807,2.394205599994166
969,0.2166886000049999,2.2810528999980306
970,0.2666599000003771,2.3335484999988694
971,0.23087620000296738,2.1966943000006722
972,0.22031479999714065,2.2755328999992344
973,0.21532669999578502,2.19916949999606
974,0.21039130000281148,2.2780752000035136
975,0.26011819999985164,2.3335551000054693
976,0.20342459999665152,2.2642771000028006
977,0.18788950000453042,2.275342199995066
978,0.2645115000050282,2.3682403000057093
979,0.29354800000146497,2.2590939000001526
980,0.23082190000422997,2.3718108000030043
981,0.2516535000031581,2.3069407000002684
982,0.23590860000695102,2.3279687000031117
983,0.19234980000328505,2.4238052000000607
984,0.19962289999966742,2.2995272999978624
985,0.24732029999722727,2.3402788000021246
986,0.21459010000398848,2.3518245999948704
987,0.24341840000124648,2.385122200001206
988,0.3241312000027392,2.5012291000020923
989,0.26980989999719895,2.427400699998543
990,0.2356900999948266,2.3286740999974427
991,0.2168459999957122,2.358469000006153
992,0.2101976000049035,2.3204509999995935
993,0.2552330999969854,2.402487300001667
994,0.21970359999977518,2.383611600002041
995,0.2292431999958353,2.4810140000045067
996,0.2493157999997493,2.399877400006517
997,0.23111909999715863,2.3951501000046846
998,0.23972740000317572,2.4523985000050743
999,0.22659359999670414,2.4114083999957074
